datetime,wd
31.12.2016 00:10:00,-1.4495041
31.12.2016 00:20:00,-1.5883796
31.12.2016 00:30:00,-1.6917939
31.12.2016 00:40:00,-1.7488437
31.12.2016 00:50:00,-1.800767
31.12.2016 01:00:00,-1.9578273
31.12.2016 01:10:00,-2.035551
31.12.2016 01:20:00,-2.1093576
31.12.2016 01:30:00,-2.242133
31.12.2016 01:40:00,-2.4222903
31.12.2016 01:50:00,-2.5886183
31.12.2016 02:00:00,-2.6126802
31.12.2016 02:10:00,-2.577156
31.12.2016 02:20:00,-2.586853
31.12.2016 02:30:00,-2.6600723
31.12.2016 02:40:00,-2.7256258
31.12.2016 02:50:00,-2.8446543
31.12.2016 03:00:00,-2.925945
31.12.2016 03:10:00,-3.017819
31.12.2016 03:20:00,-3.030708
31.12.2016 03:30:00,-3.060779
31.12.2016 03:40:00,-3.1668344
31.12.2016 03:50:00,-3.1374319
31.12.2016 04:00:00,-3.0115724
31.12.2016 04:10:00,-2.9861445
31.12.2016 04:20:00,-2.9061766
31.12.2016 04:30:00,-2.8202972
31.12.2016 04:40:00,-2.691807
31.12.2016 04:50:00,-2.6950715
31.12.2016 05:00:00,-2.7420876
31.12.2016 05:10:00,-2.8213992
31.12.2016 05:20:00,-3.032148
31.12.2016 05:30:00,-3.0486383
31.12.2016 05:40:00,-3.0032098
31.12.2016 05:50:00,-3.212612
31.12.2016 06:00:00,-3.39714
31.12.2016 06:10:00,-3.342398
31.12.2016 06:20:00,-3.3562517
31.12.2016 06:30:00,-3.4969077
31.12.2016 06:40:00,-3.557991
31.12.2016 06:50:00,-3.5091681
31.12.2016 07:00:00,-3.6471715
31.12.2016 07:10:00,-3.5907416
31.12.2016 07:20:00,-3.631228
31.12.2016 07:30:00,-3.5941644
31.12.2016 07:40:00,-3.7662492
31.12.2016 07:50:00,-3.7758336
31.12.2016 08:00:00,-3.7389712
31.12.2016 08:10:00,-3.81393
31.12.2016 08:20:00,-3.7527113
31.12.2016 08:30:00,-3.7534313
31.12.2016 08:40:00,-3.7105598
31.12.2016 08:50:00,-3.745513
31.12.2016 09:00:00,-3.8480773
31.12.2016 09:10:00,-3.857316
31.12.2016 09:20:00,-3.8780732
31.12.2016 09:30:00,-3.6010995
31.12.2016 09:40:00,-3.5422435
31.12.2016 09:50:00,-3.4527316
31.12.2016 10:00:00,-3.3346589
31.12.2016 10:10:00,-3.2177873
31.12.2016 10:20:00,-2.8790352
31.12.2016 10:30:00,-2.628459
31.12.2016 10:40:00,-2.4514618
31.12.2016 10:50:00,-2.4140983
31.12.2016 11:00:00,-2.1158745
31.12.2016 11:10:00,-1.8303897
31.12.2016 11:20:00,-1.5446227
31.12.2016 11:30:00,-1.2632761
31.12.2016 11:40:00,-1.0098825
31.12.2016 11:50:00,-0.7906156
31.12.2016 12:00:00,-0.47178298
31.12.2016 12:10:00,-0.05911666
31.12.2016 12:20:00,0.25658864
31.12.2016 12:30:00,0.4518565
31.12.2016 12:40:00,0.68628865
31.12.2016 12:50:00,0.95605683
31.12.2016 13:00:00,1.2352877
31.12.2016 13:10:00,1.5168399
31.12.2016 13:20:00,1.795502
31.12.2016 13:30:00,1.9900753
31.12.2016 13:40:00,2.3073816
31.12.2016 13:50:00,2.4977648
31.12.2016 14:00:00,2.6018884
31.12.2016 14:10:00,2.8046005
31.12.2016 14:20:00,3.107106
31.12.2016 14:30:00,3.4947314
31.12.2016 14:40:00,3.532645
31.12.2016 14:50:00,3.5552967
31.12.2016 15:00:00,3.5211318
31.12.2016 15:10:00,3.3655026
31.12.2016 15:20:00,3.2041602
31.12.2016 15:30:00,3.1337042
31.12.2016 15:40:00,3.1816635
31.12.2016 15:50:00,3.2307715
31.12.2016 16:00:00,3.0109332
31.12.2016 16:10:00,2.6409688
31.12.2016 16:20:00,2.4222863
31.12.2016 16:30:00,2.2238543
31.12.2016 16:40:00,2.054403
31.12.2016 16:50:00,1.9795198
31.12.2016 17:00:00,1.8251145
31.12.2016 17:10:00,1.692858
31.12.2016 17:20:00,1.5310128
31.12.2016 17:30:00,1.3484354
31.12.2016 17:40:00,1.2926733
31.12.2016 17:50:00,1.0884159
31.12.2016 18:00:00,0.6810643
31.12.2016 18:10:00,0.63399446
31.12.2016 18:20:00,0.5858582
31.12.2016 18:30:00,0.3383324
31.12.2016 18:40:00,-0.024887502
31.12.2016 18:50:00,-0.07847792
31.12.2016 19:00:00,-0.10584754
31.12.2016 19:10:00,-0.3162529
31.12.2016 19:20:00,-0.56083065
31.12.2016 19:30:00,-0.66554695
31.12.2016 19:40:00,-0.7691856
31.12.2016 19:50:00,-0.92032343
31.12.2016 20:00:00,-1.0523336
31.12.2016 20:10:00,-1.039999
31.12.2016 20:20:00,-1.3017933
31.12.2016 20:30:00,-1.4056053
31.12.2016 20:40:00,-1.4917464
31.12.2016 20:50:00,-1.5954392
31.12.2016 21:00:00,-1.6406891
31.12.2016 21:10:00,-1.6311967
31.12.2016 21:20:00,-1.6410847
31.12.2016 21:30:00,-1.8545053
31.12.2016 21:40:00,-1.9071474
31.12.2016 21:50:00,-2.2642891
31.12.2016 22:00:00,-2.2901218
31.12.2016 22:10:00,-2.4995818
31.12.2016 22:20:00,-2.4229474
31.12.2016 22:30:00,-2.48709
31.12.2016 22:40:00,-2.5380962
31.12.2016 22:50:00,-2.5416665
31.12.2016 23:00:00,-2.5616324
31.12.2016 23:10:00,-2.7471192
31.12.2016 23:20:00,-3.0219007
31.12.2016 23:30:00,-3.0650513
31.12.2016 23:40:00,-3.2097015
31.12.2016 23:50:00,-3.2414298
01.01.2017 00:00:00,-3.3299046
